idcliente,nomecliente,regiao,datacadastro,endereco,bairro,cidade,estado,cep,tel1,tel2,tel3,tel4,fax,cel1,cel2,cel3,radio,idradio,msn,skipe,contato1,contato2,email,emailnfe,site,obs,cnpj,inscestadual,twitter,transportadora,teltransportadora
4,"ADM COMERCIO DE AUTO PEÇAS LTDA EPP",CARAPICUIBA,2011-09-07,"AV. INOCÊNCIO SERAFICO, 1567","VILA ANA MARIA",CARAPICUIBA,SP,06380-020,(11)4184-3487,(11)4184-1258,(11)4184-1259,,(11)4184-1258,,,,"11-7811 2446",55*30*5518,celinademari@hotmail.com,celinaadm,CELINA,,celina_adm@ig.com.br,,,NULL,01.091.777/0001-71,255.092.752-111,,SIF.,
5,"ALLAN GONÇALVES DOSSO EPP",CATANDUVA,2011-09-09,"RUA PERNANBUCO,532",CENTRO,CATANDUVA,SP,15801-320,(17)3522-8525,(17)3521-8322,(17)3524-2725,,(17)3521-8322,(17)9143-3123,(17)9775-4731,,,,alamopecas@hotmail.com,,MOACIR,ALLAM,alamo.allan@terra.com.br,alamopecas@terra.com.br,,"FINANCEIRO- JULIANA/PAULO TEL - 17 3524 2725",05.685.903/0001-77,260.148.121-118,,"BOSO TRANSTITANIO","11 2631 6000"
6,"ANGLO COMÉRCIO DE AUTO PEÇAS LTDA",Oeste,2011-09-09,"RUA GURUPÁ,385/387","VL ANGLO BRASILEIRA","SÃO PAULO",SP,05027-060,(11)3865-1483,(11)3864-0061,(11)3801-1199,,(11)3801-1199,,,,,,,,FLAVIO,RÉGIS/THIAGO,angloauto@uol.com.br,,,NULL,47.503.842/0001-20,110.554.125-115,,SIF.,
7,"ALMAG COMÉRCIO DE PEÇAS LTDA.",Sul,2011-09-09,"RUA ANTONIO RAMOS ROSA,186-A","PQ.STO. ANTONIO","SÃO PAULO",SP,05822-010,(11)5511-2111,,,,(11)5511-2111,,,,,,,,LUIZ,GERALDO,almagcompras@hotmail.com,,,NULL,04.728.014/0001-87,116.280.931-115,,SIF.,
8,"ANDRÉA C. PEREIRA BATERIAS",ASSIS,2011-09-09,"RUA CAPITÃO ASSIS, 240",CENTRO,ASSIS,SP,19800-060,(18)3302-5261,(18)3323-3222,(18)3322-5823,,(18)3322-5823,(18)9722-6284,(18)9751-1710,,,,,,GISELE,RODRIGO,om.om@uol.com.br,,,"CEL.01= RODRIGO. CEL.02= ONIVALDO. FINANCEIRO. ANDREIA.
EMPRESA O.M.",02.157.076/0001-50,189.076.800-117,,,
9,"DIJO COMERCIO DE AUTO PEÇAS LTDA","S. JOSÉ RIO PRETO",2011-09-09,"AV. NOSSA SENHORA DA PAZ,455",,"SÃO JOSÉ DO RIO PRETO",SP,15054-400,(17)3224-5020,,,,(17)3224-5020,,,,,,,,LURDES,,djcompras@terra.com.br,,,NULL,43.157.858/0001-77,647.088.275-112,,TRANSREAL,"11 3832 8620"
10,"A.R. GUERRA & CIA LTDA.",PEDERNEIRAS,2011-09-09,"RUA PROFESSOR ANTONIO VOLPONI, 0-172",CENTRO,PEDERNEIRAS,SP,17280-000,(14)3284-1993,,,,(14)3284-1993,,,,,,,,JUNIOR,GUERRA,compras@guerra.com.br,,,NULL,03.965.906/0001-39,515.073.634-117,,"ALTA ZONA DA MATA",
11,"A.T.N. COMÉRCIO E RESTAURAÇÃO DE PEÇAS LTDA-ME",Sul,2011-09-09,"RUA JULIO CESAR MOREIRA, 1151",,"SÃO PAULO",SP,08310-160,(11)2754-2543,(11)2754-2904,,,(11)2754-2904,,,,,,,,OTAVIO,SÉRGIO,atn_atn@hotmail.com,,,NULL,"  .   .   /    -",113.843.304-111,,SIF,
12,"DISTRIBUIDORA DE AUTO PEÇAS SETE LTDA",Norte,2011-09-09,"RUA RELIQUIA,48","CASA VERDE","SÃO PAULO",SP,02517-000,(11)3855-2341,(11)3855-2345,(11)3966-3962,,(11)3966-3962,,,,,,,,"JOÃO CARLOS",LEONOR,contato@distribuidorasete.com.br,,,NULL,"  .   .   /    -",109.206.057-112,,SIF.,
13,"AUTO PEÇAS MANFRIM LTDA",SUMARÉ,2011-09-09,"RUA TURIBIO ESPERIDIÃO DA SILVA,145","VIRGILIO VIEL",SUMARÉ,SP,13175-610,(19)3883-1986,,,,(19)3883-1986,(19)9127-3179,,,,,,,FABIANA,ADALTON,distribuidoramanfrim@uol.com.br,biamanfrim@yahoo.com.br,,NULL,03.755.788/0001-34,671.092.998-110,,JAMEF,
14,"AUTO PEÇAS MORAIS LTDA-ME",Oeste,2011-09-09,"RUA DANIEL CARDOSO,228","VILA ANGLO BRASILEIRA","SÃO PAULO",SP,05028-090,(11)3872-8276,,,,(11)3872-8276,,,,,,,,EDUARDO,TATIANE,,,,NULL,57.839.342/0001-17,111.862.269-111,,SIF.,
15,"AUTOCAR DISTRIBUIDORA DE AUTO PEÇAS LTDA",ARAÇATUBA,2011-09-09,"AV. BAGUAÇU, 2449",,ARAÇATUBA,SP,16063-700,(18)3623-3198,(18)3624-4343,,,,(18)9783-2700,,,,,,,GELSINO,DOROTI,autocar.ltda@bol.com.br,,,NULL,58.539.800/0001-65,177.067.573-112,,,
16,"BAURU-LAMP COMERCIAL DE PEÇAS LTDA",BAURU,2011-09-09,"AV.CASTELO BRANCO,396",,BAURU,SP,17056-000,(14)3236-3811,,,,(14)3236-3811,,,,,,baurulamp@baurulamp.com.br,,"ANTONIO CARLOS",SORAIA/ROGERIO,antoniocarlos@baurulamp.com.br,,,NULL,54.559.729/0001-21,209.128.190-112,,METATRON,
17,"BERNARDI & TRASSI LTDA",CATANDUVA,2011-09-09,"RUA LOANDA,161","JD. ALTO HIGIANÓPOLIS",CATANDUVA,SP,15804-185,(17)3522-6354,(17)3522-9402,,,(17)3522-9402,,,,,,nanny-tb@hotmail.com,,IZILDA,,magupecas@gmail.com,,,"MAGU PEÇAS",53.631.073/0001-48,260.033.184-119,,BRISA,"11 2088 4778"
18,"CALIL COMERCIO E IMPORTAÇÃO LTDA",Sul,2011-09-09,"RUA BOM PASTOR,1219",IPIRANGA,"SÃO PAULO",SP,04203-051,(11)2591-2211,(11)2591-0400,,,(11)2591-0400,,,,,,,,SÁBER,,calileletricabus@uol.com.br,,,NULL,61.179.339/0001-91,108.268.003-112,,SIF.,
19,"CENTRAL COMERCIO DE PEÇAS ELÉTRICAS SOROCABA LTDA",SOROCABA,2011-09-09,"RUA NELSON GLADISTONE DE CARVALHO GLORIA,179",,SOROCABA,SP,18051-240,(15)3220-6881,,,,(15)3220-6881,,,,,,,,FLAVIO,,centralpcs@bol.com.br,,,NULL,61.328.134/0001-20,669.191.789-111,,"TRANS ZECÃO",
20,"ELETRODAN COMERCIAL LTDA",Norte,2011-09-09,"RUA MINISTRO H. DE BARROS,140",VL.PICCININ,"SÃO PAULO",SP,02971-090,(11)3975-5115,(11)3998-8774,(11)3998-7974,,(11)3998-7974,,,,,,,,DANIEL,JUNIOR/SERGIO,eletrodan.eletrodan@ig.com.br,,,NULL,65.588.535/0001-70,113.050.935-114,,SIF.,
21,"COLLA & AUTO PEÇAS LTDA - ME","SÃO CARLOS",2011-09-09,"ALAMEDA DOS CRISANTEMOS,220 A","PQ ARNOLD SCHIMIDT","SÃO CARLOS",SP,13566-550,(16)3361-7139,(16)3306-9825,,,(16)3306-9825,(16)9714-1188,,,,,,,MARCOS,,colla_colla@terra.com.br,,,NULL,07.587.056/0001-33,637.277.251-110,,RODONAVES,"11 3368 5974"
22,"CHG DISTRIBUIDORA DE PEÇAS E ACESSORIOS LTDA",CAMPINAS,2011-09-09,"ESTRADA VELHA DE INDAIATUBA KM 3,7 - FAZ. 7 QUEDAS",,CAMPINAS,SP,13012-970,(19)3729-6500,,,,(19)3729-6500,,,,,,,,CARLOS,,,,,NULL,55.176.358/0001-61,244.258.645-117,,,
23,"CRISTIANO CAMILO CORDAZ ME",LIMEIRA,2011-09-09,"RUA GERALDO ZACARIAS LIBALDI,137","JD BANDEIRANTES",LIMEIRA,SP,13486-179,(19)3452-4960,,,,(19)3452-4960,(19)8251-1700,,,,,criscordaz@vivax.com.br,,CRISTIANO,,criscordaz@yahoo.com.br,,,"CEL = TIM",05.956.120/0001-80,417.245.539-112,,HERVI,"19 34411264"
24,"DMM AUTO PEÇAS LTDA - ME","PRAIA GRANDE",2011-09-09,"AV.PRESIDENTE KENNEDY,2456 - LOJA 02","JD. GUILHERMINA","PRAIA GRANDE",SP,11704-100,(13)3473-3560,,,,(13)3473-3560,,,,,,,,MARCIO,,dmmautopecas@gmail.com,,,NULL,08.080.544/0001-12,558.202.418-115,,"RAITO (JAMEF)","11 3857 8711"
25,"D.LAMP COMERCIO DE AUTO PEÇAS LTDA",Leste,2011-09-09,"RUA LOPES COUTINHO,292",BELENZINHO,"SÃO PAULO",SP,03054-010,(11)2129-1212,,,,(11)2129-1212,(11)9999-9999,,,,,,,HAROLDO,,deutshlamp@deutshlamp.com.br,,www.deutshlamp.com.br,NULL,09.138.191/0001-27,149.855.126-117,,SIF.,
26,"DIZOLE DISTRIBUIDORA ZONA LESTE DE PEÇAS LTDA",Leste,2011-09-09,"RUA LUIZ FERREIRA DA SILVA,636",,"SÃO PAULO",SP,03276-050,(11)2911-6366,(11)2911-1504,,,(11)6911-6366,,,,,,,,LUIZ,,,,,NULL,"  .   .   /    -",113.289.050-111,,SIF.,
27,"ELETRUS CONEXÕES ELETRICA E AUTOMOTIVA LTDA - EPP","RIBEIRÃ PRETO",2011-09-09,"RUA ANGELA BERBER PAGANO,236","JD. ALVORADA",CRAVINHOS,SP,14140-000,(16)3951-8293,,,,(16)3951-8293,,,,,,,,PAULO,,conexoes@electrus.com.br,,,NULL,12.409.331/0001-69,279.016.833-119,,,
28,"ELECTRA DISTRIBUIDORA DE PEÇAS LTDA","PRES. PRUDENTE",2011-09-09,"RUA JOSE MORANDI JUNIOR,122",,"PRES. PRUDENTE",SP,19013-150,(18)2101-9933,,,,(18)2101-9933,(18)8114-7328,,,,,,,CELSO,"CARLOS EDUARDO",eelectra@uol.com.br,,,NULL,01.286.958/0001-53,562.149.847-112,,CARRION,"11 6909 8000"
29,"ESCADÃO COMERCIO DE PEÇAS ELETRICAS PARA AUTOS LTDA",Sul,2011-09-09,"RUA SILVEIRA CAMPOS,447",IPIRANGA,"SÃO PAULO",SP,01541-030,(11)3277-0729,(11)3277-2567,,,,,,,,,,,RODRIGO,,escadao.uol.com.br,,,NULL,02.124.962/0001-88,114.986.298-117,,,
30,"EWF IMPORTAÇÃO EXPORTAÇÃO E COMERCIO LTDA",CAMPINAS,2011-09-09,"AV. BUENO DE MIRANDA, 555","VILA INDUSTRIAL",CAMPINAS,SP,13032-651,(19)3929-7400,(19)3029-7409,,,(19)3929-7400,,,,,,,,NELSINHO,,compras@fatordistribuidora.com.br,,,NULL,00.011.358/0001-10,244.510.664-117,,,
31,"F.CONFUORTO INDUSTRIA E COMERCIO DE PEÇAS ACESSORIOS LTDA",GUARULHOS,2011-09-09,"AV. SANTOS DUMONT,2998",CUMBICA,GUARULHOS,SP,07220-000,(11)2487-2900,(11)2487-2929,,,(11)2487-2929,,,,,,,,WILIAN,,compras@fconfuorto.com.br,,,NULL,43.024.991/0001-55,336.118.326-116,,,
32,"FURACÃO DISTRIBUIDORA DE PEÇAS AUTOMOTIVAS LTDA",CAMPINAS,2011-09-09,"RUA ALTINO ARANTES,1250","JD.DO LAGO 2",CAMPINAS,SP,13051-100,(19)2101-3000,(19)2101-3007,,,(19)2101-3000,,,,,,compras01@furacão.com.br,,WAGNER,"MARCIO JR",diretoria@furacao.com.br,,,"TEL 19 21013007 = MARCIO GERENTE DE COMPRAS
",59.805.101/0001-82,244.337.207-111,,TRANZECÃO,
33,"FILLLER DISTRIBUIDORA DE AUTO PEÇAS LTDA",Norte,2011-09-09,"RUA FRANCISCA BIRIBA, 565",IMIRIM,"SÃO PAULO",SP,02451-040,(11)6239-3209,,,,(11)6239-3203,,,,,,,,,,fillerpecas@terra.com.br,,,NULL,03.724.701/0001-61,115.577.150-110,,,
34,"FORTPEL DISTRIBUIDORA DE AUTO PEÇAS LTDA-EPP","PRES. PRUDENTE",2011-09-09,"RUA  MARECHAL CANDIDO RONDON, 590","VL. FORMOSA","PRES. PRUDENTE",SP,19050-190,(18)2101-2288,(18)2101-2299,,,(18)2101-2299,(18)9751-0300,,,,,fortpeladmthais@hotmail.com,,DANIEL,THAIS,fortpel@stetnet.com.br,,,NULL,04.290.940/0001-13,562.239.321-112,,,
35,"FRANPEL DISTRIBUIDORA DE PEÇAS AUTOMOTIVAS LTDA",FRANCA,2011-09-09,"RUA HIPOLITO JOSÉ DA COSTA,3760",JD.GUANABARA,FRANCA,SP,14405-440,(16)3721-6054,(16)3721-6688,(16)3721-7310,,(16)3721-7310,,,,,,,,DIVALDO,,franpelfranca@yahoo.com.br,,,NULL,00.705.492/0001-10,310.214.761-113,,,
36,"HELIO CAMARINHO",Oeste,2011-09-09,"RUA COELHO DE CARVALHO,285",LAPA,"SÃO PAULO",SP,,(11)3022-9463,,,,(11)3022-9463,(11)9634-5374,,,,,,,HELIO,,,,,NULL,,,,,
37,"HYMA AUTO PEÇAS LTDA",Sul,2011-09-09,"RUA ANDRE SARAIVA, 179","VL. SONIA","SÃO PAULO",SP,05626-000,(11)3743-5147,,,,(11)3743-5147,,,,,,,,YUKIO,,,,,NULL,00.021.411/0001-63,114.082.307-119,,,
38,"I.M.CAR COMERCIO DE PEÇAS ACESSORIOS AUTOMOTIVOS LTDA",Norte,2011-09-09,"RUA MAJOR OSCAR GUIMARÃES, 217",,"SÃO PAULO",SP,02467-140,(11)2239-1982,(11)2239-3308,,,(11)2239-3308,,,,,,,,RAQUEL,,raquel.imcar@terra.com.br,,,NULL,65.029.092/0001-88,113.420.342-116,,,
39,"INJEPEL COMERCIO DE AUTO PEÇAS LTDA","RIBEIRÃ PRETO",2011-09-09,"AV. CEL. QUITO JUNQUEIRA,325","CAMPOS ELISIOS","RIBEIRÃO PRETO",SP,14085-620,(16)2111-7411,,,,(16)2111-7411,,,,,89*15755,,,RINALDO,JEAN,jean.compras@injepel.com.br,patricia.financeiro@injepel.com.br,www.injepel.com.br,NULL,05.217.125/0001-91,582.630.123-118,,HEMAR,"11 2901 2022"
40,"JNC COMERCIO DE AUTO PEÇAS LTDA",SOROCABA,2011-09-09,"AV. PERCITO DE SOUZA QUEIROZ,471 - LOJA 02","VL. BARÃO",SOROCABA,SP,18061-240,(15)3213-6355,,,,(15)3213-6355,,,,,,,,VITOR,,jnc.distribuidora@hotmail.com,,,"EMPRESA GILBERTO CELIACO",11.417.834/0001-13,669.659.823-110,,TRANSZECÃO,"11 3991 6904"
41,"JUSTINO COMERCIO LTDA - EEP","PORTO FERREIRA",2011-09-09,"AV. GAL. ALVARO DE GOES VALERIANI,138","JD. PROGRESSO","PORTO FERREIRA",SP,13660-000,(19)3581-2464,(19)3585-1211,,,(19)3581-2464,(19)9757-1276,,,,89*2860,justinosom@hotmail.com,,JUSTINO,,justinosom@itelefonica.com.br,,,"CEL. VIVO",64.987.316/0001-00,555.024.323-110,,,
42,"JAOL COMERCIO DE AUTO PEÇAS LTDA","S. JOSÉ RIO PRETO",2011-09-09,"RUA DR. COUTINHO CAVALCANTE, 670","JD.ALTO ALEGRE","SÃO JOSÉ RIO PRETO",SP,15054-300,(17)3302-0600,(17)3302-0606,,,(17)3302-0606,(17)8138-2460,(17)8138-2508,(17)8139-0045,,,jtc.vendas@hotmail.com,,"JOSÉ ALVES",OSCAR/JAIR,jaol.vendas@terra.com.br,jaol.vendas@terra.com.br,,NULL,12.235.887/0001-86,647.005.788-118,,"ALEX TRANSP.",
43,"J.C.DURIGAM COMERCIO DE AUTO PEÇAS LTDA",Oeste,2011-09-09,"RUA SILVIO BONILHA,50",PIRITUBA,"SÃO PAULO",SP,02914-110,(11)3976-5921,,,,(11)3975-8819,,,,,,,,JULIO,TINA,jcd@grupodurigam.com.br,,www.durigam.com.br,NULL,74.386.038/0001-80,113.978.724-114,,,
44,"JMS COMERCIO DE PEÇAS P/ CARROCERIA DE ONIBUS LTDA",Norte,2011-09-09,"AV. NOSSA SENHORA DO Ó, 1376","FREQUESIA DO Ó","SÃO PAULO",SP,02715-000,(11)3931-2828,,,,,,,,,,,,,,,,,NULL,67.845.289/0001-10,113.430.914-110,,,
45,"JUMORI DISTRIBUIDORA DE AUTO PEÇAS LTDA","RIBEIRÃ PRETO",2011-09-09,"AV. BRASIL, 255",VL.CARVALHO,"RIBEIRÃO PRETO",SP,14075-040,(16)2101-8600,(16)2101-8601,(16)3514-6004,(16)3514-6025,(16)2101-8600,(16)9159-3930,,,,"16 129*8776",compras04@jumori.com.br,,CARLINHOS,NATALIA,compras01@jumori.com.br,nfeletronica@jumori.com.br,www.jumori.com.br,"OUTRA EMPRESA - UNITED.
CEL = TIM",00.004.559/0001-90,582.376.120-110,,,
46,"GILBERTO CELIACO DE SOUZA COSTA - ME",SOROCABA,2011-09-09,"AV. GOV. MARIO COVAS,471","VL. BARÃO",SOROCABA,SP,18061-240,(15)3017-1321,(15)3213-3307,(15)3213-6355,,(15)3213-6355,,,,,,,,VITOR,,jnc.distribuidora@hotmail.com,,,"EMPRESA - JNC",09.390.781/0001-42,669.604.781-117,,TRANSZECÃO,"11 3991.6904"
47,"MAKINAUTO COMÉRCIO DE AUTO PEÇAS LTDA","S. BERNARDO DO CAMPO",2011-09-09,"RUA SÃO JOÃO 56",,"SÃO BERNARDO DO CAMPO",SP,09715-180,(11)3907-6669,,,,(11)3907-6669,(11)9974-5142,,,"7034 3699",,,,PAULO,MARLY,makinauto.net@uol.com.br,,,NULL,59.408.831/0001-40,635.180.696-114,,,
48,"JOSÉ PAULO APARECIDO VALENTIM SOROCABA",SOROCABA,2011-09-09,"RUA MIGUEL FELIPEGATTAZ, 505","CENTRAL PARQUE",SOROCABA,SP,18051-580,(15)3202-8189,(15)3221-4748,,,(16)3221-4748,,,,,,,,"JOSÉ PAULO",LEONARDO,dinapek@ig.com.br,,,NULL,02.529.644/0001-05,669.370.309-119,,TRANZECAO,
49,"KENNEDY COMERCIO DE PEÇAS LTDA","S. CAETANO DO SUL",2011-09-09,"RUA BOM PASTOR, 1030",CERAMICA,"SÃO CAETANO DO SUL",SP,09570-500,(11)4232-5373,,,,(11)4232-5373,,,,,,,,JULIO,,kennedypecas@uol.com.br,,,NULL,60.370.756/0001-54,636.106.514-114,,,
50,"LUIZ CARLOS FAVERO PEDERNEIRAS - ME",PEDERNEIRAS,2011-09-09,"RUA NOVE DE JULHO, L-244",CENTRO,PEDERNEIRAS,SP,17280-000,(14)3283-3500,,,,(14)3283-3500,,,,,,,,BIGUA,,,,,BIGUÁ,47.614.797/0001-80,515.007.599-111,,TRANSVAGO,
51,"MACKOR BATERIAS E PEÇAS LTDA",ARAÇATUBA,2011-09-09,"RUA AGUAPEI,1760",,ARAÇATUBA,SP,16025-000,(18)3622-9911,(18)3622-8889,,,(18)3622-8889,,,,,,,,ANTONIO,"JOSÉ GUILHERME",mackor.aracatuba@terra.com.br,,www.mackor.com.br,NULL,04.652.068/0004-59,177.229.616-111,,,
52,"MACHADO & FILHOS PEÇAS LTDA.",Leste,2011-09-09,"RUA GRECO, 269","VL. DIVA","SÃO PAULO",SP,03373-000,(11)6101-1015,(11)6216-5734,,,(11)6216-5734,,,,,,,,HENRRIQUE,RICARDO/WLADIMIR,,,,NULL,04.255.565/0001-70,116.298.557-112,,,
53,"MARÇAL INDUZIDOS COM. E RECONDICIONAMENTO DE PEÇAS AUTOMOTIVAS LTDA-ME","S. JOSÉ RIO PRETO",2011-09-09,"RUA BARTOLOMEU BUENO FILHO,228",,"SÃO JOSÉ RIO PRETO",SP,15060-230,(17)3224-6475,,,,(17)3224-6475,,,,,,marcal.induzidos@hotmail.com,marcal.induzidos,CÉLIO,CLAUDEMIR,marcal.induzidos@ig.com.br,,,NULL,45.130.010/0001-80,647.083.334-114,,,
54,"MARTINS POVEDA&POVEDA LTDA-ME",SOROCABA,2011-09-12,"RUA ROBINA CACIELO DECÁRIA,84",JD.GUTIEREZ,SOROCABA,SP,18015-450,(15)3227-6416,,,,(15)3227-6416,(15)9717-3083,,,,,,,NILSON,,,,,NULL,04.474.677/0001-12,669.472.500-118,,,
55,"MAWIP COMÉRCIO DE AUTO PEÇAS LTDA",Norte,2011-09-15,"AV. MUTINGA, 4820",PIRITUBA,"SÃO PAULO",SP,05000-000,(11)3621-4916,,,,(11)3621-4916,,,,,,,,WEILSON,,,,,NULL,72.872.294/0001-52,113.878.818-111,,,
56,"MAZULO & FERNANDES LTDA.",Leste,2011-09-15,"AV. SÃO MIGUEL,1811","PENHA VL. MARIETA","SÃO PAULO",SP,03619-100,(11)2621-6104,(11)2623-9048,,,,(11)7763-7019,,,,,masullocompras@hotmail.com,,VICENTE,DIOGENES,masullocompras@hotmail.com,,,NULL,71.846.836/0001-50,113.778.975-115,,CIF,
57," APOLO COMÉRCIO DE PEÇAS AUTOMOTIVAS LTDA  - EPP",LIMEIRA,2011-09-15,"RUA JOÃO RODRIGUES DE SOUZA,130","JD. PIZA",LIMEIRA,SP,13486-168,(19)3441-3787,(19)3442-8029,(19)3441-1579,,(19)3451-1579,,,,,,apolocompras@hotmail.com,,ALTAIR,LAUDEMIR/AMÉLIA,microapolo@terra.com.br,,www.apoloautopecas.com.br,NULL,64.633.787/0001-01,427.098.670-112,,"HERVI TRANSPORTES","11 3836 1072"
58,"M.V. COSTA & CIA LTDA",ARAÇATUBA,2011-09-15,"RUA BRASIL,403","SÃO JOÃO",ARAÇATUBA,SP,16025-010,(18)3609-6069,(18)3609-6060,,,,,,,,,,,VITOR,,m.v.costa@terra.com.br,,,NULL,43.740.646/0001-18,177.002.374-110,,,
59,"MUNDIAL PEÇAS PARA VEICULOS LTDA","RIBEIRÃ PRETO",2011-09-15,"RUA ANTONIO MILENA, 1501","CAMPOS ELISEOS","RIBEIRÃO P´RETO",SP,14085-660,(16)3969-3550,(16)3969-3551,,,(16)3969-3551,,,,,,,,CLOVIS,ANDRESSA/RODRIGO,mundialpecas@terra.com.br,,,NULL,05.592.517/0001-30,582.642.168-114,,RISSO,"11 3933 7570"
60,"NENO AUTO PEÇAS LTDA","S. JOSÉ RIO PRETO",2011-09-15,"RUA JOÃO MIGUEL ATTAB, 85","JD. SANTA MARIA","SÃO JOSÉ RIO PRETO",SP,15080-220,(17)3201-1616,(17)3201-1614,(17)3201-1612,,(17)3201-1613,(17)9109-0161,(17)9715-2390,,,,mateus-cunha@hotmail.com,,NENO,MATHEUS,nenoap@terra.com.br,nenoapfinanceiro@terra.com.br,,NULL,38.928.016/0001-31,647.080.103-117,,"TRANSP. ALMEIDA FANTE LTDA  -  TAF","11 3799 3131"
61,"NORIYOSHI SAITO DISTRIBUIDORA DE ELETROPEÇAS LTDA",MARILIA,2011-09-15,"RUA OLAVO BILAC, 72",,MARILIA,SP,17506-270,(14)3422-3711,,,,,,,,,,,,"NORIYSHI SAITO",,nsaito@flash.tv.br,,,NULL,53.548.228/0001-87,438.022.724-113,,,
62,"OM PEREIRA & CIA LTDA",ASSIS,2011-09-15,"RUA CAP. FRANCISCO RODRIGUES GARCIA, 363",CENTRO,ASSIS,SP,19800-000,(18)3302-5261,(18)3323-3222,(18)3322-5823,,(18)3322-5823,(18)9722-6284,(18)9751-1710,,,,rodrigo_om_omhotmail.com,,RODRIGO/GISELE,ONIOVALDO/ANDREA,om.om@uol.com.br,nfe@omdistribuidora.com.br,,"EMPRESAS - ANDREA C. PEREIRA/NG DISTRIBUIDORA/ONIVALDO MACEDO PEREIRA",65.812.950/0001-66,189.054.198-111,,METATRON,
63,"NG DISTRIBUIDORA DE PÉÇAS LTDA",LONDRINA,2011-09-15,"AV. DEZ DE DEZEMBRO, 1328",,LONDRINA,PR,86026-220,(43)3339-5252,,,,(43)3339-5252,(19)9722-6284,,,,,rodrigo_om_om@hotmail.com,,RODRIGO,ONIVALDO,om.londrina@bol.com.br,,,"EMPRESAS OM",08.864.045/0001-16,90406126-34,,,
64,"ONIVALDO MACEDO PEREIRA",LONDRINA,2011-09-15,"AV. DEZ DE DEZEMBRO,1328",,LONDRINA,PR,86026-220,(43)3339-5252,,,,(43)3339-5252,(18)9722-6284,,,,,rodrigo_om_om@hotmail.com,,RODRIGO,ONIVALDO,,nfel@omdistribuidora.com.br,,NULL,76.260.504/0001-02,538.00193-71,,,
65,"PEDRO LUIZ DANIEL - ME",JARINU,2011-09-15,"ALAMEDA ALVORADA,LT 02 QD. B","AGUA PRETA",JARINU,SP,13240-000,(11)4016-4619,(11)3975-5621,,,(11)4016-4619,(19)9784-2820,,,,,pedraopecaseletrica@hotmail.com,,PEDRÃO,GERALDO/EDITH,pedraopecaseletricas@hotmail.com,,,"END. PARA ENTREGA E CORRESPONDENCIA. 
RUA DR. VIEIRA MARCONDES, 45 - ITABERABA - SÃO PAULO - SP. CEP. 02.840-060
SR. GERALDO/EDITH",58.900.507/0001-81,400.004.222-119,,,
66,"PEDRO MARIO RODRIGUES CACHUCHO ME",PEDERNEIRAS,2011-09-15,"RUA RIO BRANCO, 0-610",,PEDERNEIRAS,SP,17280-000,(14)3252-2322,(14)3302-5261,,,,(14)9128-9544,,,,,,,"PEDRO MARIO",,,,,NULL,05.120.861/0001-27,515.076.011-113,,,
67,"ORTIGÃO COMÉRCIO DE AUTO PEÇAS LTDA.",Sul,2011-09-15,"RUA ELEZABETH LINLEY, 57",,"SÃO PAULO",SP,04411-180,(11)5623-8841,(11)5621-8755,,,,,,,,,,,,,ortigao.pecas@terra.com.br,,,NULL,66.040.841/0001-30,113.140.312-112,,,
68,"RIMA COMÉRCIO DE PEÇAS LTDA","RIBEIRÃ PRETO",2011-09-15,"RUA PINHEIRO MACHADO, 1093","CAMPOS ELISEOS","RIBEIRÃO PRETO",SP,14080-550,(16)2133-2077,,,,(16)2133-2077,,,,,,ricardo@rimapecas.com.br,,RICARDO,MAURO,,,,NULL,03.635.486/0001-22,582.498.261-112,,"FRETE PAGO",
69,"NOVASA DISTRIBUIDORA DE MATERIAIS ELÉTRICOS E FERRAGENS LTDA","S. JOSÉ RIO PRETO",2011-09-15,"AV. CENOBELINO DE BARROS SERRA, 3090","JD. CONGONHAS","SÃO JOSÉ RIO PRETO",SP,15030-000,(17)3222-5200,,,,(17)3222-5200,,,,,,,,DANIEL,"LUIZ FERNANDO",novasa@uol.com.br,novasa@rei-fer.com,,"EMPRESA REIFER",62.976.899/0001-30,647.179.892-110,,"ALEX TRANSPORTES","11 3392 5605"
70,"RAPEL COMÉRCIO DE PEÇAS ELETRICAS P/VEICULOS LTDA",OURINHOS,2011-09-15,"RUA DUQUE DE C AIXIAS, 899","VILA RECREIO",OURINHOS,SP,19911-800,(14)3326-6661,,,,(14)3326-6661,(14)9771-2774,(14)9143-1942,,,,,,CLAUDIO,RAFAEL,rafael.rapel@bol.com.br,,,NULL,07.830.358/0001-90,495.145.255-119,,ARIMATÉIA,"11 66367406"
71,"ROBERTO DIB ACESSORIOS E PEÇAS LTDA",Norte,2011-09-15,"RUA CARMÓPOLIS DE MINAS, 425",,"SÃO PAULO",SP,02116-010,(11)6955-9879,,,,,,,,,,,,ROBERTO,,,,,NULL,05.467.900/0001-67,110.394.299-110,,,
72,"RODIPEL COMÉRCIO DE PEÇAS ELETRICAS LTDA.","RIBEIRÃ PRETO",2011-09-15,"AV. SAUDADE, 2205/2209","CAMPOS ELISEOS","RIBEIRÃO PRETO",SP,14080-000,(16)2101-1515,,,,(16)2101-1515,,,,,,,,CARLOS,ANNE/NILSON,rodipel@rodipel.com.br,,,NULL,57.099.699/0001-06,585.377.525-116,,,
73,"ROLCR COMERCIAL LTDA - ME",Norte,2011-09-15,"RUA TUFIK MEREB, 35","JD. PIRITUBA","SÃO PAULO",SP,02985-000,(11)3942-0306,(11)3942-0302,,,,,,,,,,,ROBERTO,,rolcar.rolcar@gmail.com,,,"MESMA EMPRESA WEST PEÇAS",00.903.771/0001-99,114.519.370-110,,,
74,"WEST PEÇAS AUTOMOTIVAS LTDA - ME",Norte,2011-09-15,"RUA TUFIK MEREB, 45","JD. PIRITUBA","SÃO PAULO",SP,02985-000,(11)3942-0302,(11)3942-0306,,,,,,,,,,,ROBERTO,,,,,"MESMA EMPRESA ROLCAR",08.327.222/0001-25,149.443.830-115,,,
75,"ROLUCAR COMÉRCIO DE AUTO PEÇAS LTDA.",Sul,2011-09-15,"AV. PROF. FRANCISCO MORATO, 4136/4140",,"SÃO PAULO",SP,05520-100,(11)3742-1831,(11)3501-7326,(11)3555-3222,(11)3555-3223,(11)3501-7326,,,,,,,,MARCELO,,rolucar@rolucar.com.br,,www.rolucar.com.br,"MESMA EMPRESA MR. CANASA",50.302.009/0001-25,110.672.085-117,,,
76,"MR CANASSA DISTRIBUIDORA  AUTO PEÇAS EPP",Sul,2011-09-15,"RUA ENGENHEIRO JOSÉ WALTER SEMG, 240","VL. SONIA","SÃO PAULO",SP,05522-020,(11)3742-1548,,,,,,,,,,,,MARCELO,,rolucar@rolucar.com.br,,,NULL,09.371.419/0001-24,148.010.521-115,,,
77,"RTN COMÉRCIO DE AUTO PEÇAS LTDA",Norte,2011-09-15,"RUA SOLDADO FRANCISCO GOMES DE SOUZA, 180",,"SÃO PAULO",SP,02189-030,(11)2954-8933,,,,(11)2954-8933,,,,,,,,ROBERTINHO,,,,,NULL,00.022.614/0001-74,114.059.848-110,,,
78,"SUEYASU AUTO PEÇAS LTDA.",OSASCO,2011-09-15,"RUAS ANA ZOZI TONI, 35",,OSASCO,SP,04703-001,(11)3683-1669,(11)3683-1031,,,(11)3683-1031,,,,,,,,HELIO,,,,,NULL,61.484.846/0001-39,492.429.962-119,,,
79,"RUGERAL COMÉRCIO DE AUTO PEÇAS LTDA.",Sul,2011-09-15,"RUA JOÃO FERNANDES CAMISA NOVA JR., 817",,"SÃO PAULO",SP,05840-000,(11)5511-1415,(11)5511-3576,,,,,,,,,,,ADRIANO,,,,,NULL,57.188.716/0001-81,111.768.411-110,,,
80,"T. MARTINS ACESSÓRIOS LTDDA","PRES. PRUDENTE",2011-09-16,"AV, COR. JOSÉ SOARES MARCONDES, 4469",,"PRESIDENTE PRUDENTE",SP,19053-210,(18)2101-3400,,,,(18)2101-3400,,,,,,,,WLAMIR,MARTA,wlamir@pointcardistribuidora.com.br,,,"NOME FANTASIA = POINT CAR",02.811.932/0001-40,562.167.065-110,,,
81,"T.C. LARANGEIRA LTDA.ME",JUNDIAI,2011-09-16,"RUA MARECHAL DEODORO DA FONSECA, 794",CENTRO,JUNDIAI,SP,,(11)4521-8477,(11)4586-9377,(11)4522-5206,,(11)4522-5206,,,,,,tclaranjeira@hotmail.com,,NELSINHO,GISELE,tclaranjeira@ig.com.br,tclaranjeira@ig.com.br,,NULL,66.147.208/0001-46,407.151.211-110,,"TRANS ZECÃO",
82,"ADRIANA DE CASSIA UNGARO BAURU ME",BAURU,2011-09-16,"RUA GENERAL MARCONDES SALGADO, 12-71","VL. ANTÁRTICA",BAURU,SP,17013-231,(14)3232-8241,(14)3212-3685,,,(14)3212-3685,,,,,,,,TAMAROZI,,tamapelbauru@yahoo.com.br,,,"EMPRESA NOME FANTASIA - TAMAPEL",02.096.486/0001-39,209.235.874-112,,,
83,"T.N. COMÉRCIO DE PEÇAS P/ VEICULOS LTDA",BAURU,2011-09-16,"RUA GUSTAVO MACIEL,6-70",CENTRO,BAURU,SP,17010-180,(14)3232-1711,(14)3232-6312,,,,(14)9791-0261,,,,,tntoninho@terra.com.br,,TONINHO,,tncomercio@terra.com.br,,,NULL,06.171.913/0001-57,209.349.008-112,,"ALTA ZONA DA MATA","11 6901 2701"
84,"TREVÃO RIO PRETO COMÉRCIO DE AUTO PEÇAS LTDA","S. JOSÉ RIO PRETO",2011-09-16,"RUA NELSON FÉLIX BUCATER, 97","JD. SANTA MARIA","SÃO JOSÉ RIO PRETO",SP,15080-280,(17)4009-7575,(17)4009-7555,,,(17)4009-7555,,,,"17 7812 1818",96*86396,,,TÉRIK,GILBERTO,trevaopecas@terra.com.br,,,"EMPRESA DO GRUPO  -  POSTO DE MOLAS TREVÃO",62.950.134/0001-20,647.179.299-113,,ALEX,"11 3966 7277"
85,"POSTO DE MOLAS TREVÃO LTDA.","S. JOSÉ RIO PRETO",2011-09-16,"AV. ARTHUR NONATO, 1259","JD. SANTA MARIA","SÃO JOSÉ RIO PRETO",SP,15080-010,(17)4009-7575,,,,,,,,,,,,TÉRIK,GILBERTO,trevaopecas@terra.com.br,,,"EMPRESA DO GRUPO TREVÃO -
TEL. CONTATO = TREVAO",47.529.557/0001-88,647.067.756-113,,ALEX,"11 3966 7277"
86,"TRIKAUTOS COMÉRCIO DE AUTO PEÇAS LTDA",GUARULHOS,2011-09-16,"RUA SÃO MAURICIO, 30","VL. GALVÃO",GUARULHOS,SP,07073-000,(11)6884-5333,(11)6452-3200,,,(11)6452-3200,,,,,,,,MARECO,,trikautos@terra.com.br,,,NULL,68.079.680/0001-14,336.342.447-115,,,
87,"TUFÃO COMÉRCIO DE PEÇAS ELÉTRICAS LTDA",BAURU,2011-09-16,"RUA ANTONIO GOBETTE, 8-31",,BAURU,SP,17028-000,(14)2106-4512,(14)2106-4529,(14)2106-4506,(14)2106-4571,(14)2106-4543,(14)8151-7370,(14)9601-1476,(14)8167-4636,"17 7834 0390",,compras6@tufaonet.com.br,,MATOS/JOÃO,MARCELO/THIAGO,compras7@tufaonet.com.br,,,NULL,60.372.349/0001-86,209.122.430-113,,"TRANSGRECO LTDA","11 3331 0038"
88,"TURPELCOMÉRCIO DE PEÇAS ELÉTRICAS LTDA",BAURU,2011-09-17,"RUA PRIMEIRO DE AGOSTO, 15-91","VL. BONFIM",BAURU,SP,17013-010,(14)2108-1200,(14)2108-1205,(14)2108-1215,(14)2108-1202,(14)2108-1200,,,,,,turpel@turpel.com.br,,ROGÉRIO,ELIZEU,rogerio@turpel,,,"EMAIL ELIZEU - elizeu@turpel.com.br",01.100.611/0001-74,209.216.294-110,,,
89,"DANTE FRANCISCO MAZULLO",Leste,2011-09-17,"RUA GILDA, 93","VL. ESPERANÇA - PENHA","SÃO PAULO",SP,03650-000,(11)2107-0967,(11)2107-0956,,,(11)2107-0956,,,,"7685 3622",46*5658,vdmpecas@vdm.com.br,,DANTE,MURILO/HERMES,murilo.compras@vdm.com.br,,www.vdm.com.br,NULL,54.525.951/0001-03,111.234.843-115,,,
90,"VDM COMÉRCIO E REPRESENTAÇÃO DE AUTO PEÇAS LTDA","RIO DE JANEIRO",2011-09-17,"RUA VIRGILIO ALVES NOGUEIRA, 43",GOIABAL,"BARRA MANSA",RJ,27340-140,(24)3323-9326,,,,,,,,,,,,"VDM SP",,vdmrio@vdm.com.br,,,NULL,54.525.951/0005-37,78.773.545,,GENEROSO,"11 3563 3167"
91,"VALDEMAR DO CARMO BORGES",ITU,2011-09-17,"RUA LEONARDO PIUNTI, 86","SÃO LUIZ",ITU,SP,13304-250,(11)4024-0536,,,,,(11)9746-0041,,,,,,,VALDEMAR,FATIMA/,comercialborges@terra.com.br,,,NULL,57.783.243/0001-60,387.042.566-110,,,
92,"VETTORE & BRAGA DISTRIBUIDORA DE AUTO PEÇAS LTDA",Norte,2011-09-17,"RUA RELIQUIA, 88","CASA VERDE","SÃO PAULO",SP,02517-000,(11)3857-6994,(11)3965-5559,(11)3855-1090,,(11)3857-6994,(11)7861-0874,,,,,,,BIÉ,LUIZ,vbautopecas@terra.com.br,,,NULL,05.307.052/0001-29,116.480.461-118,,CIF.,
93,"VICENTE VIANA NETO - ME","PRES. PRUDENTE",2011-09-17,"RUA MARIA FERNANDES, 663","JD. ALTO DA BOA VISTA","PRESIDENTE PRUDENTE",SP,19053-390,(18)3908-1720,,,,(18)3908-1720,(18)9726-7764,(18)9726-7761,,,,,,VICENTE,THIAGO,,,,"NOME FANTASIA A. VELOZ",06.969.989/0001-22,562.262.990-110,,RANCHARIENSE,
94,"WALTER & VALDELINO LTDA","ITAPECIRICA DA SERRA",2011-09-17,"RUA BELGICA, 1312","PARQUE PARAISO","ITAPECERICA DA SERRA",SP,06852-180,(11)4667-4077,(11)4165-2522,,,,,,,30*73314,30*25352,,,WALTER/FORMIGÃO,,waltervaldelino@terra.com.br,,,NULL,02.351.842/0001-13,370.049.980-118,,,
95,"WATS COMÉRCIO DE PEÇAS PARA AUTOS LTDA","S.JOSÉ DOS CAMPOS",2011-09-17,"RUA PARAIBUNA, 774",,"SÃO JOSÉ DOS CAMPOS",SP,12245-510,(12)3202-7070,,,,(12)3202-7070,,,,,,,,VANTUIR,SALETE,watsautopecas@terra.com.br,,,NULL,53.906.095/0001-73,645.088.250-117,,,
96,"WILL ELETROPEÇAS LTDA-ME",COTIA,2011-09-17,"RUA DR. CAIO SIMÕES, 216","JD. CARMEL",COTIA,SP,06700-653,(11)4614-1678,(11)4614-1370,,,,(11)9968-4223,,,,86*30843,,,WILL,DEBORA,willeletropecas@ig.com.br,,,NULL,04.561.372/0001-48,278.132.919-115,,,
97,"ZRG COMÉRCIO DE AUTO PEÇAS LTDA",Leste,2011-09-17,"RUA FRANCISCO DO AMARAL, 46",PENHA,"SÃO PAULO",SP,03611-000,(11)2641-4722,(11)2641-2522,,,(11)2641-2522,,,,,,zero.zrg@globo.com,,"ZÉ ROBERTO",GUILHERME,zrgpecaseletricas@globo.com,,,NULL,01.161.357/0001-14,114.666.099-110,,,
98,"FAL AUTOMOTIVE LTDA - ME","RIBEIRÃ PRETO",2011-09-17,"RUA FRANCISCO TORRECILHAS,141","JD. INTERLAGOS","RIBEIRÃO PRETO",SP,14093-008,(16)3629-0441,(16)3446-7973,,,,,,,,,,,LUIZ,,fal.automotiva@gmail.com,,,NULL,10.785.742/0001-23,582.808.837-110,,,
99,"GIRORÁPIDO COMÉRCIO DE PEÇAS P/AUTO LTDA- ME","RIBEIRÃ PRETO",2011-09-17,"RUA JOÃO BIM, 2041","JD. PAULISTANO","RIBEIRÃO PRETO",SP,14090-340,(16)3627-2159,(16)3877-4449,,,,(16)8137-6388,(16)9992-0844,(16)9348-0181,,,giro.rapido@hotmail.com,,LUCAS,,,,,"CEL 01 = TIM
CEL 02 = VIVO
CEL 03 =CLARO",00.834.988/0001-94,582.408.839-115,,,
100,"ROBBI COMÉRCIO DE PEÇAS ELÉTRICAS E SERVIÇOS P/ AUTOS LTDA",Norte,2011-09-17,"RUA GUERINO GIOVANI LEARDINE, 136",PIRITUBA,"SÃO PAULO",SP,02937-040,(11)3974-7639,(11)3974-9168,(11)3974-9831,,(11)3974-9831,(11)7735-6843,,,,9*86973,,,PAULO,,ateendimento@robbi.com.br,,,NULL,71.650.717/0001-27,113.766.197-118,,,
101,"LC RIBEIRÃO COMÉRCIO DE PEÇAS P/ AUTOS E EMPILHADEIRAS LTDA -ME","RIBEIRÃ PRETO",2011-09-17,"RUA LUIZ RIBEIRO,1718","CAMPOS ELISEOS","RIBEIRÃO PRETO",SP,14080-090,(16)3628-6538,(16)3628-6529,,,(16)3628-6529,,,,,,lc_ribeirao@hotmail.com,lc.ribeirao,"SR. FRANCISCO",THIAGO,,,,NULL,09.460.661/0001-74,582.769.371-111,,RODONAVES,
102,"GOMES ELETROPEÇAS AUTOMOTIVAS LTDA. - ME",ARARAS,2011-09-17,"RUA BENJAMIN CONSTANT, 727",CENTRO,ARARAS,SP,13600-055,(19)3544-9158,,,,(19)3544-9158,,,,,,,,GOMES,ADRIANO,gomespecas@linkway.com.br,,,NULL,06.223.741/0001-18,182.152.733-110,,"SOPRO DIVINO",
103,"UNITED COMÉRCIO DE AUTO PEÇAS LTDA","RIBEIRÃ PRETO",2011-09-17,"AV. BRASIL, 255","VL. CARVALHO","RIBEIRÃO PRETO",SP,14075-040,(16)3514-6000,,,,(16)3514-6000,,,,,,,,CARLINHOS,,united@jumori.com.br,,,"MESMA EMPRESA JUMORI.
MESMOS DADOS PARA CONTATO.",05.398.347/0001-58,582.634.972-116,,,
104,"DIPECAR DISTRIBUIDORA DE PEÇAS E ACESS. P/ CARRETAS","PRES. PRUDENTE",2011-09-17,"AV. JOAQUIM CONSTTANTINO,1511","JD. ALTO BOA VISTA","PRES. PRUDENTE",SP,19053-300,(18)2101-3036,(18)2101-3000,,,,,,,,,,,"LUIZ ANTONIO",,compras2@dipecar.com.br,,,NULL,,,,,
105,"LR COMÉRCIO DE PEÇAS LTDA",ARARAS,2011-09-17,"RUA REYNALDO SALOMÃO, 175","BOSQUE DE VERSALHES",ARARAS,SP,13069-385,(19)3544-6989,(19)3544-8862,,,,(19)9237-2629,,,"19 78101083",96*27886,,,LOTO,,,,,"NEXTEL  =  7810 1082  -  ID - 96*27887",,,,,
106,"BIGUÁ DISTRIBUIDORA DE SOM E ACESSORIOS LTDA",BAURU,2011-09-17,"AV. DR. NUNO DE ASSIS, 6-75",,BAURU,SP,,(14)3102-8500,,,,,(14)9756-0994,(14)9756-2687,,,96*72370,,,BIGUA,FELIPE,felipe.santos@biguasom.com.br,,www.biguasom.com.br,NULL,,,,,
107,"ROTOR DISTRIBUIDORA DE AUTOPEÇAS",CAMPINAS,2011-09-17,"RUA MANOEL FRANCISCO MENDES, 330","JD. DO TREVO",CAMPINAS,SP,13030-110,(19)3272-2112,,,,,,,,,,,,CLAUDINEI,,compras@rotorcampinas.com.br,,,NULL,,,,,
108,"PMM PEÇAS E ACESSORIOS PARA AUTOS LTDA-ME",RINCÃO,2011-09-17,"AV. DIB TEDDE, 243","JD. BELA VISTA",RINCÃO,SP,14830-000,(16)3395-1383,,,,(16)3395-1383,(16)9701-3929,,,,,pmeletropecas@hotmail.com,,"PAULO MANOEL",,,,,NULL,68.107.945/0001-40,585.062.190-111,,RODOANI,"11 3931 0593"
113,"A N PIASSI COMERCIO DE AUTO PEÇAS ME","S. JOSÉ RIO PRETO",2011-12-05,"AV. FAIEZ NAMETALAH TARRAF, 1355","CIDADE JARDIM","SÃO JOSÉ RIO PRETO",SP,15081-140,(17)3226-6536,(17)3364-9992,(17)3364-9990,(17)3227-6180,,,,,,14*947459,,,ELTON,ALN,repel.distribuidora@hotmail.com,,www.repelautomotiva.com.br,"NOME FANTASIA REPEL",12.823.801/0001-36,647.329.118,,,
114,"MULTIPEC PRODUTOS E SERVIÇOS LTDA","PRES. PRUDENTE",2011-12-07,"RUA JOSÉ MORRANDI JUNIOR, 122","VILA MIRIAN","PRES. PRUDENTE",SP,19013-150,(18)3901-1862,(18)3223-4018,,,(18)3223-4018,,,,,,,,VINICIUS,,logistica@multipec.com.br,,,"COBRANÇA-MULTIPEC PRODUTOS E SERVIÇOS LTDA. - AV. PARANÁ, 646 - IÊPE - SP TEL 18 3264 1322 ELENICE",00.172.626/0003-47,562.301.588-111,,"EXPRESSO DE PRATA","11 2202 0202"
115,"LOGICOM COMÉRCIO DE PRODUTOS AGROPECUÁRIOS-ME","PRES. PRUDENTE",2011-12-07,"RUA JOSÉ MORANDI JUNIOR, 122","VILA MIRIAN","PRE. PRUDENTE",SP,19013-150,(18)3901-1862,(18)3223-4018,,,(18)3223-4018,,,,,,,,VINICIOS/COMPRAS,OLAVO/DIRETOR,logistica@multipec.com.br,,www.multipec.com.br,"EMPRESA DO GRUPO MULTIPEC.
COBRANÇA - AV. PARANÁ, 646 IEPÊ - SP. CEP. 19640-000 ELENICE",10.969.176/0001-00,562.316.006-110,,"EXPRESSO DE PRATA","11 2202 0202"
116,"Marcos teste 2",OESTE,2023-10-04,"RUA PIRICTÚBIAS 666",MANGALOTIS,NULL,NULL,NULL,NULL,NULL,NULL,NULL,NULL,NULL,NULL,NULL,NULL,NULL,NULL,NULL,NULL,NULL,NULL,NULL,NULL,NULL,NULL,NULL,NULL,NULL,NULL
117,"MARCOS TESTE 333",OESTE,2023-10-04,"RUA TESTE 333","PQ. SÃO DOMINGOS","São Paulo",SP,05135-222,NULL,NULL,NULL,NULL,NULL,NULL,NULL,NULL,NULL,NULL,NULL,NULL,NULL,NULL,NULL,NULL,NULL,NULL,20.555.321/0001-25,133.222.444-25,NULL,NULL,NULL
118,"MARCOS TESTE",OESTE,2023-10-06,"Rua Piritubas 555","PQ. SÃO DOMINGOS","SÃO PAULO",SP,05136-333,NULL,NULL,NULL,NULL,NULL,NULL,NULL,NULL,NULL,NULL,NULL,NULL,NULL,NULL,NULL,NULL,NULL,NULL,20857877000100,123444222,NULL,NULL,NULL
119,MARCOLINO,NULL,2023-10-18,NULL,NULL,NULL,NULL,NULL,NULL,NULL,NULL,NULL,NULL,NULL,NULL,NULL,NULL,NULL,NULL,NULL,NULL,NULL,NULL,NULL,NULL,NULL,NULL,NULL,NULL,NULL,NULL
